,Author
0,1
1,"Alchemist,The"
2,Paulo Coelho
3, General & Literary Fiction
4,2
5,One Arranged Murder
6,"Bhagat, Chetan"
7,"Crime, Thriller & Adventure"
8,3
9,"Complete Novel of Sherlock Holmes, The"
10,"Doyle, Arthur Conan"
11,General & Literary Fiction
12,4
13,Pride & Prejudice
14,"Austen, Jane"
15,General & Literary Fiction
16, 5
17,"Girl in Room 105,The"
18,"Bhagat, Chetan"
19,"Crime, Thriller & Adventure"
20, 6
21,Life is What You Make it
22,"Shenoy, Preeti"
23, 7
24,"Silent Patient, The"
25,"Michaelides, Alex"
26,"Crime, Thriller & Adventure"
27, 8
28,Siddhartha
29,"Hesse, Hermann"
30,General & Literary Fiction
31, 9
32,"Man Called Ove, A"
33,"Backman, Fredrik"
34,General & Literary Fiction
35, 10
36,And Then There Were None
37,"Christie, Agatha"
38,"Crime, Thriller & Adventure"
39, 11
40,To Kill A Mockingbird:60th Anniversary Edition
41,"Lee, Harper"
42,General & Literary Fiction
43, 12
44," Forty Rules of Love, The"
45," Shafak, Elif"
46, General & Literary Fiction
47, 13
48,"Time Machine, The"
49, 14
50,"Midnight Library, The"
51,"Haig, Matt"
52,General & Literary Fiction
53, 15
54, It Ends with Us
55," Hoover, Colleen"
56, Romance & Sagas
57, 16
58," Immortals of Meluha, The: The Shiva Trilogy"
59," Tripathi, Amish"
60, Historical & Mythological Fiction
61, 17
62,Dark Matter
63,"Crouch, Blake"
64," Crime, Thriller & Adventure"
65, 18
66,"Song of Achilles, The"
67,"Miller, Madeline"
68,General & Literary Fiction
69, 19
70,"Prophet, The"
71,General & Literary Fiction
72, 20
73," Touch of Eternity,A"
74," Durjoy, Datta,"
75, Romance & Sagas
76, 21
77,One Indian Girl
78,"Bhagat, Chetan"
79,General & Literary Fiction
80, 22
81,"God of Small Things, The"
82,"Roy, Arundhati"
83,General & Literary Fiction
84, 23
85," Girl in the Red Lipstick, The"
86," K.Pandey, Ajay"
87, Romance & Sagas
88, 24
89,"Kite Runner, The: Tenth anniversary edition"
90, 25
91,"Secret Garden, The"
92," Burnett, Frances Hodgson"
93,General & Literary Fiction
94, 26
95,"Murder of Roger Ackroyd, The: Poirot"
96,"Christie, Agatha"
97,"Crime, Thriller & Adventure"
98, 27
99,Kafka on the Shore
100,"Murakami, Haruki"
101,General & Literary Fiction
102, 28
103,"Palace of Illusions, The"
104,"Divakaruni, Chitra Banerjee"
105,General & Literary Fiction
106, 29
107,"One Day, Life Will Change: A Story of Love and Inspiration to Win Life"
108," Umakanthan, Saranya"
109,Romance & Sagas
110, 30
111,"Wake Up, Life is Calling"
112,"Shenoy, Preeti"
113,General & Literary Fiction
114, 31
115,1984
116," Orwell, George"
117, General & Literary Fiction
118, 32
119,"Little Life, A: Shortlisted for the Man Booker Prize 2015"
120,General & Literary Fiction
121, 33
122,"Da Vinci Code, The"
123,"Brown, Dan"
124,"Crime, Thriller & Adventure"
125, 34
126,"Room On The Roof, The"
127,Short Stories & Fiction Anthologies
128, 35
129,Write Me A Love Story
130,"Singh, Ravinder"
131,Romance & Sagas
132, 36
133,All the Light We Cannot See
134,"Doerr, Anthony"
135, General & Literary Fiction
136, 37
137,Raavan: Enemy of Aryavarta: Ram Chandra
138," Tripathi, Amish"
139, Historical & Mythological Fiction
140, 38
141,Murder on the Orient Express: Poirot
142,"Christie, Agatha"
143,"Crime, Thriller & Adventure"
144, 39
145,"Bird With Golden Wings, The"
146,"Murty, Sudha"
147,General & Literary Fiction
148, 40
149,Train To Pakistan
150,"Singh, Khushwant"
151,General & Literary Fiction
152, 41
153,Angels And Demons:(Robert Langdon Book 1):Robert Langdon
154," Brown, Dan"
155," Crime, Thriller & Adventure"
156, 42
157,Wish I Could Tell You
158,"Datta, Durjoy"
159,General & Literary Fiction
160, 43
161,"Secret of the Nagas, The: The Shiva Trilogy"
162,"Tripathi, Amish"
163,Historical & Mythological Fiction
164, 44
165,Heart Of Darkness
166," Conrad, Joseph"
167,General & Literary Fiction
168, 45
169,Something I Never Told You
170, 46
171, Before the Coffee Gets Cold
172," Kawaguchi, Toshikazu"
173,General & Literary Fiction
174, 47
175,100 World's Greatest Short Stories
176,N.A.
177,Short Stories & Fiction Anthologies
178, 48
179,Normal People: One million copies sold
180," Rooney, Sally"
181,General & Literary Fiction
182, 49
183, Turn a Blind Eye: William Warwick Novels
184," Archer, Jeffrey"
185,Romance & Sagas
186, 50
187,"Last Queen, The"
188," Divakaruni, Chitra Banerjee"
189, Historical & Mythological Fiction
